観測所番号,prec_no,国際地点番号,都道府県,name,地点,pref,capitol
11001,11,,北海道宗谷地方,宗谷岬,宗谷岬（ソウヤミサキ）,北海道,
11016,11,47401.0,北海道宗谷地方,稚内,稚内（ワッカナイ）,北海道,
11046,11,,北海道宗谷地方,礼文,礼文（レブン）,北海道,
11061,11,,北海道宗谷地方,声問,声問（コエトイ）,北海道,
11076,11,,北海道宗谷地方,浜鬼志別,浜鬼志別（ハマオニシベツ）,北海道,
11091,11,,北海道宗谷地方,本泊,本泊（モトドマリ）,北海道,
11121,11,,北海道宗谷地方,沼川,沼川（ヌマカワ）,北海道,
11151,11,,北海道宗谷地方,沓形,沓形（クツガタ）,北海道,
11176,11,,北海道宗谷地方,豊富,豊富（トヨトミ）,北海道,
11206,11,,北海道宗谷地方,浜頓別,浜頓別（ハマトンベツ）,北海道,
11276,11,,北海道宗谷地方,中頓別,中頓別（ナカトンベツ）,北海道,
11291,11,47402.0,北海道宗谷地方,北見枝幸,北見枝幸（キタミエサシ）,北海道,
11316,11,,北海道宗谷地方,歌登,歌登（ウタノボリ）,北海道,
12011,12,,北海道上川地方,中川,中川（ナカガワ）,北海道,
12041,12,,北海道上川地方,音威子府,音威子府（オトイネップ）,北海道,
12141,12,,北海道上川地方,美深,美深（ビフカ）,北海道,
12181,12,,北海道上川地方,名寄,名寄（ナヨロ）,北海道,
12231,12,,北海道上川地方,下川,下川（シモカワ）,北海道,
12261,12,,北海道上川地方,士別,士別（シベツ）,北海道,
12266,12,,北海道上川地方,朝日,朝日（アサヒ）,北海道,
12301,12,,北海道上川地方,和寒,和寒（ワッサム）,北海道,
12386,12,,北海道上川地方,江丹別,江丹別（エタンベツ）,北海道,
12396,12,,北海道上川地方,比布,比布（ピップ）,北海道,
12411,12,,北海道上川地方,上川,上川（カミカワ）,北海道,
12442,12,47407.0,北海道上川地方,旭川,旭川（アサヒカワ）,北海道,
12451,12,,北海道上川地方,東川,東川（ヒガシカワ）,北海道,
12501,12,,北海道上川地方,東神楽,東神楽（ヒガシカグラ）,北海道,
12512,12,,北海道上川地方,志比内,志比内（シビナイ）,北海道,
12551,12,,北海道上川地方,美瑛,美瑛（ビエイ）,北海道,
12596,12,,北海道上川地方,上富良野,上富良野（カミフラノ）,北海道,
12626,12,,北海道上川地方,富良野,富良野（フラノ）,北海道,
12632,12,,北海道上川地方,麓郷,麓郷（ロクゴウ）,北海道,
12691,12,,北海道上川地方,幾寅,幾寅（イクトラ）,北海道,
12746,12,,北海道上川地方,占冠,占冠（シムカップ）,北海道,
15041,12,,北海道上川地方,朱鞠内,朱鞠内（シュマリナイ）,北海道,
15076,12,,北海道上川地方,幌加内,幌加内（ホロカナイ）,北海道,
13061,13,,北海道留萌地方,天塩,天塩（テシオ）,北海道,
13086,13,,北海道留萌地方,遠別,遠別（エンベツ）,北海道,
13121,13,,北海道留萌地方,初山別,初山別（ショサンベツ）,北海道,
13146,13,,北海道留萌地方,焼尻,焼尻（ヤギシリ）,北海道,
13181,13,47404.0,北海道留萌地方,羽幌,羽幌（ハボロ）,北海道,
13261,13,,北海道留萌地方,達布,達布（タップ）,北海道,
13277,13,47406.0,北海道留萌地方,留萌,留萌（ルモイ）,北海道,
13311,13,,北海道留萌地方,増毛,増毛（マシケ）,北海道,
13321,13,,北海道留萌地方,幌糠,幌糠（ホロヌカ）,北海道,
14026,14,,北海道石狩地方,浜益,浜益（ハママス）,北海道,
14071,14,,北海道石狩地方,厚田,厚田（アツタ）,北海道,
14101,14,,北海道石狩地方,新篠津,新篠津（シンシノツ）,北海道,
14116,14,,北海道石狩地方,山口,山口（ヤマグチ）,北海道,
14121,14,,北海道石狩地方,石狩,石狩（イシカリ）,北海道,
14136,14,,北海道石狩地方,江別,江別（エベツ）,北海道,
14163,14,47412.0,北海道石狩地方,札幌,札幌（サッポロ）,北海道,1.0
14206,14,,北海道石狩地方,恵庭島松,恵庭島松（エニワシママツ）,北海道,
14286,14,,北海道石狩地方,支笏湖畔,支笏湖畔（シコツコハン）,北海道,
14296,14,,北海道石狩地方,千歳,千歳（チトセ）,北海道,
15116,15,,北海道空知地方,石狩沼田,石狩沼田（イシカリヌマタ）,北海道,
15156,15,,北海道空知地方,秩父別,秩父別（チップベツ）,北海道,
15161,15,,北海道空知地方,深川,深川（フカガワ）,北海道,
15231,15,,北海道空知地方,空知吉野,空知吉野（ソラチヨシノ）,北海道,
15241,15,,北海道空知地方,滝川,滝川（タキカワ）,北海道,
15251,15,,北海道空知地方,芦別,芦別（アシベツ）,北海道,
15311,15,,北海道空知地方,月形,月形（ツキガタ）,北海道,
15321,15,,北海道空知地方,美唄,美唄（ビバイ）,北海道,
15356,15,47413.0,北海道空知地方,岩見沢,岩見沢（イワミザワ）,北海道,
15431,15,,北海道空知地方,長沼,長沼（ナガヌマ）,北海道,
15442,15,,北海道空知地方,夕張,夕張（ユウバリ）,北海道,
16026,16,,北海道後志地方,美国,美国（ビクニ）,北海道,
16061,16,,北海道後志地方,神恵内,神恵内（カモエナイ）,北海道,
16076,16,,北海道後志地方,余市,余市（ヨイチ）,北海道,
16091,16,47411.0,北海道後志地方,小樽,小樽（オタル）,北海道,
16156,16,,北海道後志地方,共和,共和（キョウワ）,北海道,
16206,16,,北海道後志地方,蘭越,蘭越（ランコシ）,北海道,
16217,16,47433.0,北海道後志地方,倶知安,倶知安（クッチャン）,北海道,
16252,16,47421.0,北海道後志地方,寿都,寿都（スッツ）,北海道,
16281,16,,北海道後志地方,真狩,真狩（マッカリ）,北海道,
16286,16,,北海道後志地方,喜茂別,喜茂別（キモベツ）,北海道,
16321,16,,北海道後志地方,黒松内,黒松内（クロマツナイ）,北海道,
17036,17,47405.0,北海道網走・北見・紋別地方,雄武,雄武（オウム）,北海道,
17076,17,,北海道網走・北見・紋別地方,興部,興部（オコッペ）,北海道,
17091,17,,北海道網走・北見・紋別地方,西興部,西興部（ニシオコッペ）,北海道,
17112,17,47435.0,北海道網走・北見・紋別地方,紋別,紋別（モンベツ）,北海道,
17116,17,,北海道網走・北見・紋別地方,紋別小向,紋別小向（モンベツコムカイ）,北海道,
17166,17,,北海道網走・北見・紋別地方,湧別,湧別（ユウベツ）,北海道,
17196,17,,北海道網走・北見・紋別地方,滝上,滝上（タキノウエ）,北海道,
17246,17,,北海道網走・北見・紋別地方,常呂,常呂（トコロ）,北海道,
17306,17,,北海道網走・北見・紋別地方,遠軽,遠軽（エンガル）,北海道,
17316,17,,北海道網走・北見・紋別地方,佐呂間,佐呂間（サロマ）,北海道,
17341,17,47409.0,北海道網走・北見・紋別地方,網走,網走（アバシリ）,北海道,
17351,17,,北海道網走・北見・紋別地方,宇登呂,宇登呂（ウトロ）,北海道,
17482,17,,北海道網走・北見・紋別地方,白滝,白滝（シラタキ）,北海道,
17501,17,,北海道網走・北見・紋別地方,生田原,生田原（イクタハラ）,北海道,
17521,17,,北海道網走・北見・紋別地方,北見,北見（キタミ）,北海道,
17531,17,,北海道網走・北見・紋別地方,女満別,女満別（メマンベツ）,北海道,
17546,17,,北海道網走・北見・紋別地方,小清水,小清水（コシミズ）,北海道,
17561,17,,北海道網走・北見・紋別地方,斜里,斜里（シャリ）,北海道,
17596,17,,北海道網走・北見・紋別地方,留辺蘂,留辺蘂（ルベシベ）,北海道,
17607,17,,北海道網走・北見・紋別地方,境野,境野（サカイノ）,北海道,
17631,17,,北海道網走・北見・紋別地方,美幌,美幌（ビホロ）,北海道,
17717,17,,北海道網走・北見・紋別地方,津別,津別（ツベツ）,北海道,
18038,18,,北海道根室地方,羅臼,羅臼（ラウス）,北海道,
18136,18,,北海道根室地方,標津,標津（シベツ）,北海道,
18161,18,,北海道根室地方,上標津,上標津（カミシベツ）,北海道,
18171,18,,北海道根室地方,中標津,中標津（ナカシベツ）,北海道,
18174,18,,北海道根室地方,根室中標津,根室中標津（ネムロナカシベツ）,北海道,
18256,18,,北海道根室地方,別海,別海（ベツカイ）,北海道,
18273,18,47420.0,北海道根室地方,根室,根室（ネムロ）,北海道,
18281,18,,北海道根室地方,納沙布,納沙布（ノサップ）,北海道,
18311,18,,北海道根室地方,厚床,厚床（アットコ）,北海道,
19021,19,,北海道釧路地方,川湯,川湯（カワユ）,北海道,
19051,19,,北海道釧路地方,弟子屈,弟子屈（テシカガ）,北海道,
19076,19,,北海道釧路地方,阿寒湖畔,阿寒湖畔（アカンコハン）,北海道,
19151,19,,北海道釧路地方,標茶,標茶（シベチャ）,北海道,
19191,19,,北海道釧路地方,鶴居,鶴居（ツルイ）,北海道,
19261,19,,北海道釧路地方,中徹別,中徹別（ナカテシベツ）,北海道,
19311,19,,北海道釧路地方,榊町,榊町（サカキマチ）,北海道,
19347,19,,北海道釧路地方,鶴丘,鶴丘（ツルオカ）,北海道,
19376,19,,北海道釧路地方,太田,太田（オオタ）,北海道,
19416,19,,北海道釧路地方,白糠,白糠（シラヌカ）,北海道,
19432,19,47418.0,北海道釧路地方,釧路,釧路（クシロ）,北海道,
19451,19,,北海道釧路地方,知方学,知方学（チッポマナイ）,北海道,
20146,20,,北海道十勝地方,陸別,陸別（リクベツ）,北海道,
20186,20,,北海道十勝地方,ぬかびら源泉郷,ぬかびら源泉郷（ヌカビラゲンセンキョウ）,北海道,
20266,20,,北海道十勝地方,上士幌,上士幌（カミシホロ）,北海道,
20276,20,,北海道十勝地方,足寄,足寄（アショロ）,北海道,
20341,20,,北海道十勝地方,本別,本別（ホンベツ）,北海道,
20356,20,,北海道十勝地方,新得,新得（シントク）,北海道,
20361,20,,北海道十勝地方,鹿追,鹿追（シカオイ）,北海道,
20371,20,,北海道十勝地方,駒場,駒場（コマバ）,北海道,
20421,20,,北海道十勝地方,芽室,芽室（メムロ）,北海道,
20432,20,47417.0,北海道十勝地方,帯広,帯広（オビヒロ）,北海道,
20441,20,,北海道十勝地方,池田,池田（イケダ）,北海道,
20506,20,,北海道十勝地方,浦幌,浦幌（ウラホロ）,北海道,
20551,20,,北海道十勝地方,帯広泉,帯広泉（オビヒロイズミ）,北海道,
20556,20,,北海道十勝地方,糠内,糠内（ヌカナイ）,北海道,
20601,20,,北海道十勝地方,上札内,上札内（カミサツナイ）,北海道,
20606,20,,北海道十勝地方,更別,更別（サラベツ）,北海道,
20631,20,,北海道十勝地方,大津,大津（オオツ）,北海道,
20696,20,,北海道十勝地方,大樹,大樹（タイキ）,北海道,
20751,20,47440.0,北海道十勝地方,広尾,広尾（ヒロオ）,北海道,
21111,21,,北海道胆振地方,厚真,厚真（アツマ）,北海道,
21126,21,,北海道胆振地方,穂別,穂別（ホベツ）,北海道,
21161,21,,北海道胆振地方,大滝,大滝（オオタキ）,北海道,
21171,21,,北海道胆振地方,森野,森野（モリノ）,北海道,
21187,21,47424.0,北海道胆振地方,苫小牧,苫小牧（トマコマイ）,北海道,
21226,21,,北海道胆振地方,大岸,大岸（オオキシ）,北海道,
21261,21,,北海道胆振地方,白老,白老（シラオイ）,北海道,
21276,21,,北海道胆振地方,鵡川,鵡川（ムカワ）,北海道,
21297,21,,北海道胆振地方,伊達,伊達（ダテ）,北海道,
21312,21,,北海道胆振地方,登別,登別（ノボリベツ）,北海道,
21323,21,47423.0,北海道胆振地方,室蘭,室蘭（ムロラン）,北海道,
22036,22,,北海道日高地方,日高,日高（ヒダカ）,北海道,
22141,22,,北海道日高地方,日高門別,日高門別（ヒダカモンベツ）,北海道,
22156,22,,北海道日高地方,新和,新和（シンワ）,北海道,
22241,22,,北海道日高地方,静内,静内（シズナイ）,北海道,
22291,22,,北海道日高地方,三石,三石（ミツイシ）,北海道,
22306,22,,北海道日高地方,中杵臼,中杵臼（ナカキネウス）,北海道,
22327,22,47426.0,北海道日高地方,浦河,浦河（ウラカワ）,北海道,
22391,22,,北海道日高地方,えりも岬,えりも岬（エリモミサキ）,北海道,
23031,23,,北海道渡島地方,長万部,長万部（オシャマンベ）,北海道,
23086,23,,北海道渡島地方,八雲,八雲（ヤクモ）,北海道,
23166,23,,北海道渡島地方,森,森（モリ）,北海道,
23206,23,,北海道渡島地方,川汲,川汲（カックミ）,北海道,
23226,23,,北海道渡島地方,北斗,北斗（ホクト）,北海道,
23232,23,47430.0,北海道渡島地方,函館,函館（ハコダテ）,北海道,
23281,23,,北海道渡島地方,高松,高松（タカマツ）,北海道,
23326,23,,北海道渡島地方,木古内,木古内（キコナイ）,北海道,
23376,23,,北海道渡島地方,松前,松前（マツマエ）,北海道,
24141,23,,北海道渡島地方,熊石,熊石（クマイシ）,北海道,
24041,24,,北海道檜山地方,せたな,せたな（セタナ）,北海道,
24051,24,,北海道檜山地方,今金,今金（イマカネ）,北海道,
24101,24,,北海道檜山地方,奥尻,奥尻（オクシリ）,北海道,
24156,24,,北海道檜山地方,米岡,米岡（ヨネオカ）,北海道,
24201,24,,北海道檜山地方,鶉,鶉（ウズラ）,北海道,
24217,24,47428.0,北海道檜山地方,江差,江差（エサシ）,北海道,
31001,31,,青森県,大間,大間（オオマ）,青森県,
31111,31,47576.0,青森県,むつ,むつ（ムツ）,青森県,
31121,31,,青森県,小田野沢,小田野沢（オダノサワ）,青森県,
31136,31,,青森県,今別,今別（イマベツ）,青森県,
31156,31,,青森県,脇野沢,脇野沢（ワキノサワ）,青森県,
31186,31,,青森県,市浦,市浦（シウラ）,青森県,
31201,31,,青森県,蟹田,蟹田（カニタ）,青森県,
31296,31,,青森県,五所川原,五所川原（ゴショガワラ）,青森県,
31312,31,47575.0,青森県,青森,青森（アオモリ）,青森県,1.0
31332,31,,青森県,野辺地,野辺地（ノヘジ）,青森県,
31336,31,,青森県,六ケ所,六ケ所（ロッカショ）,青森県,
31366,31,,青森県,鰺ケ沢,鰺ケ沢（アジガサワ）,青森県,
31386,31,,青森県,青森大谷,青森大谷（アオモリオオタニ）,青森県,
31436,31,47574.0,青森県,深浦,深浦（フカウラ）,青森県,
31461,31,,青森県,弘前,弘前（ヒロサキ）,青森県,
31466,31,,青森県,黒石,黒石（クロイシ）,青森県,
31482,31,,青森県,酸ケ湯,酸ケ湯（スカユ）,青森県,
31506,31,,青森県,三沢,三沢（ミサワ）,青森県,
31586,31,,青森県,十和田,十和田（トワダ）,青森県,
31602,31,47581.0,青森県,八戸,八戸（ハチノヘ）,青森県,
31646,31,,青森県,碇ケ関,碇ケ関（イカリガセキ）,青森県,
31662,31,,青森県,休屋,休屋（ヤスミヤ）,青森県,
31721,31,,青森県,三戸,三戸（サンノヘ）,青森県,
32056,32,,秋田県,八森,八森（ハチモリ）,秋田県,
32111,32,,秋田県,能代,能代（ノシロ）,秋田県,
32126,32,,秋田県,鷹巣,鷹巣（タカノス）,秋田県,
32136,32,,秋田県,大館,大館（オオダテ）,秋田県,
32146,32,,秋田県,鹿角,鹿角（カヅノ）,秋田県,
32181,32,,秋田県,脇神,脇神（ワキガミ）,秋田県,
32206,32,,秋田県,湯瀬,湯瀬（ユゼ）,秋田県,
32266,32,,秋田県,八幡平,八幡平（ハチマンタイ）,秋田県,
32286,32,,秋田県,男鹿,男鹿（オガ）,秋田県,
32287,32,,秋田県,大潟,大潟（オオガタ）,秋田県,
32296,32,,秋田県,五城目,五城目（ゴジョウメ）,秋田県,
32311,32,,秋田県,阿仁合,阿仁合（アニアイ）,秋田県,
32402,32,47582.0,秋田県,秋田,秋田（アキタ）,秋田県,1.0
32407,32,,秋田県,岩見三内,岩見三内（イワミサンナイ）,秋田県,
32451,32,,秋田県,雄和,雄和（ユウワ）,秋田県,
32466,32,,秋田県,角館,角館（カクノダテ）,秋田県,
32476,32,,秋田県,田沢湖,田沢湖（タザワコ）,秋田県,
32496,32,,秋田県,大正寺,大正寺（ダイショウジ）,秋田県,
32551,32,,秋田県,大曲,大曲（オオマガリ）,秋田県,
32571,32,,秋田県,本荘,本荘（ホンジョウ）,秋田県,
32581,32,,秋田県,東由利,東由利（ヒガシユリ）,秋田県,
32596,32,,秋田県,横手,横手（ヨコテ）,秋田県,
32616,32,,秋田県,にかほ,にかほ（ニカホ）,秋田県,
32626,32,,秋田県,矢島,矢島（ヤシマ）,秋田県,
32691,32,,秋田県,湯沢,湯沢（ユザワ）,秋田県,
32771,32,,秋田県,湯の岱,湯の岱（ユノタイ）,秋田県,
33006,33,,岩手県,種市,種市（タネイチ）,岩手県,
33026,33,,岩手県,軽米,軽米（カルマイ）,岩手県,
33071,33,,岩手県,二戸,二戸（ニノヘ）,岩手県,
33136,33,,岩手県,山形,山形（ヤマガタ）,岩手県,
33146,33,,岩手県,久慈,久慈（クジ）,岩手県,
33166,33,,岩手県,荒屋,荒屋（アラヤ）,岩手県,
33176,33,,岩手県,奥中山,奥中山（オクナカヤマ）,岩手県,
33186,33,,岩手県,葛巻,葛巻（クズマキ）,岩手県,
33206,33,,岩手県,普代,普代（フダイ）,岩手県,
33226,33,,岩手県,岩手松尾,岩手松尾（イワテマツオ）,岩手県,
33296,33,,岩手県,好摩,好摩（コウマ）,岩手県,
33326,33,,岩手県,岩泉,岩泉（イワイズミ）,岩手県,
33336,33,,岩手県,小本,小本（オモト）,岩手県,
33371,33,,岩手県,薮川,薮川（ヤブカワ）,岩手県,
33421,33,,岩手県,雫石,雫石（シズクイシ）,岩手県,
33431,33,47584.0,岩手県,盛岡,盛岡（モリオカ）,岩手県,1.0
33441,33,,岩手県,区界,区界（クザカイ）,岩手県,
33472,33,47585.0,岩手県,宮古,宮古（ミヤコ）,岩手県,
33486,33,,岩手県,沢内,沢内（サワウチ）,岩手県,
33501,33,,岩手県,紫波,紫波（シワ）,岩手県,
33526,33,,岩手県,川井,川井（カワイ）,岩手県,
33576,33,,岩手県,花巻,花巻（ハナマキ）,岩手県,
33581,33,,岩手県,大迫,大迫（オオハサマ）,岩手県,
33616,33,,岩手県,山田,山田（ヤマダ）,岩手県,
33631,33,,岩手県,湯田,湯田（ユダ）,岩手県,
33671,33,,岩手県,遠野,遠野（トオノ）,岩手県,
33716,33,,岩手県,北上,北上（キタカミ）,岩手県,
33751,33,,岩手県,釜石,釜石（カマイシ）,岩手県,
33776,33,,岩手県,若柳,若柳（ワカヤナギ）,岩手県,
33781,33,,岩手県,江刺,江刺（エサシ）,岩手県,
33801,33,,岩手県,住田,住田（スミタ）,岩手県,
33877,33,47512.0,岩手県,大船渡,大船渡（オオフナト）,岩手県,
33911,33,,岩手県,一関,一関（イチノセキ）,岩手県,
33921,33,,岩手県,千厩,千厩（センマヤ）,岩手県,
34012,34,,宮城県,駒ノ湯,駒ノ湯（コマノユ）,宮城県,
34026,34,,宮城県,気仙沼,気仙沼（ケセンヌマ）,宮城県,
34096,34,,宮城県,川渡,川渡（カワタビ）,宮城県,
34111,34,,宮城県,築館,築館（ツキダテ）,宮城県,
34171,34,,宮城県,米山,米山（ヨネヤマ）,宮城県,
34186,34,,宮城県,志津川,志津川（シヅガワ）,宮城県,
34216,34,,宮城県,古川,古川（フルカワ）,宮城県,
34266,34,,宮城県,大衡,大衡（オオヒラ）,宮城県,
34276,34,,宮城県,鹿島台,鹿島台（カシマダイ）,宮城県,
34292,34,47592.0,宮城県,石巻,石巻（イシノマキ）,宮城県,
34296,34,,宮城県,女川,女川（オナガワ）,宮城県,
34311,34,,宮城県,新川,新川（ニッカワ）,宮城県,
34331,34,,宮城県,塩釜,塩釜（シオガマ）,宮城県,
34392,34,47590.0,宮城県,仙台,仙台（センダイ）,宮城県,1.0
34436,34,,宮城県,名取,名取（ナトリ）,宮城県,
34461,34,,宮城県,白石,白石（シロイシ）,宮城県,
34462,34,,宮城県,蔵王,蔵王（ザオウ）,宮城県,
34471,34,,宮城県,亘理,亘理（ワタリ）,宮城県,
34506,34,,宮城県,丸森,丸森（マルモリ）,宮城県,
35002,35,,山形県,飛島,飛島（トビシマ）,山形県,
35052,35,47587.0,山形県,酒田,酒田（サカタ）,山形県,
35071,35,,山形県,差首鍋,差首鍋（サスナベ）,山形県,
35086,35,,山形県,浜中,浜中（ハマナカ）,山形県,
35116,35,,山形県,金山,金山（カネヤマ）,山形県,
35141,35,,山形県,鶴岡,鶴岡（ツルオカ）,山形県,
35146,35,,山形県,狩川,狩川（カリカワ）,山形県,
35162,35,47520.0,山形県,新庄,新庄（シンジョウ）,山形県,
35176,35,,山形県,向町,向町（ムカイマチ）,山形県,
35216,35,,山形県,肘折,肘折（ヒジオリ）,山形県,
35231,35,,山形県,尾花沢,尾花沢（オバナザワ）,山形県,
35246,35,,山形県,鼠ケ関,鼠ケ関（ネズガセキ）,山形県,
35332,35,,山形県,村山,村山（ムラヤマ）,山形県,
35334,35,,山形県,東根,東根（ヒガシネ）,山形県,
35361,35,,山形県,大井沢,大井沢（オオイサワ）,山形県,
35376,35,,山形県,左沢,左沢（アテラザワ）,山形県,
35426,35,47588.0,山形県,山形,山形（ヤマガタ）,山形県,1.0
35456,35,,山形県,長井,長井（ナガイ）,山形県,
35486,35,,山形県,小国,小国（オグニ）,山形県,
35511,35,,山形県,高畠,高畠（タカハタ）,山形県,
35541,35,,山形県,高峰,高峰（タカミネ）,山形県,
35552,35,,山形県,米沢,米沢（ヨネザワ）,山形県,
36056,36,,福島県,茂庭,茂庭（モニワ）,福島県,
36066,36,,福島県,梁川,梁川（ヤナガワ）,福島県,
36106,36,,福島県,桧原,桧原（ヒバラ）,福島県,
36127,36,47595.0,福島県,福島,福島（フクシマ）,福島県,1.0
36151,36,,福島県,相馬,相馬（ソウマ）,福島県,
36176,36,,福島県,喜多方,喜多方（キタカタ）,福島県,
36196,36,,福島県,鷲倉,鷲倉（ワシクラ）,福島県,
36221,36,,福島県,飯舘,飯舘（イイタテ）,福島県,
36251,36,,福島県,西会津,西会津（ニシアイヅ）,福島県,
36276,36,,福島県,猪苗代,猪苗代（イナワシロ）,福島県,
36291,36,,福島県,二本松,二本松（ニホンマツ）,福島県,
36342,36,,福島県,金山,金山（カネヤマ）,福島県,
36361,36,47570.0,福島県,若松,若松（ワカマツ）,福島県,
36391,36,,福島県,船引,船引（フネヒキ）,福島県,
36411,36,,福島県,浪江,浪江（ナミエ）,福島県,
36426,36,,福島県,只見,只見（タダミ）,福島県,
36476,36,,福島県,郡山,郡山（コオリヤマ）,福島県,
36501,36,,福島県,川内,川内（カワウチ）,福島県,
36536,36,,福島県,南郷,南郷（ナンゴウ）,福島県,
36562,36,,福島県,湯本,湯本（ユモト）,福島県,
36581,36,,福島県,玉川,玉川（タマカワ）,福島県,
36591,36,,福島県,小野新町,小野新町（オノニイマチ）,福島県,
36611,36,,福島県,広野,広野（ヒロノ）,福島県,
36641,36,,福島県,田島,田島（タジマ）,福島県,
36667,36,47597.0,福島県,白河,白河（シラカワ）,福島県,
36676,36,,福島県,石川,石川（イシカワ）,福島県,
36716,36,,福島県,桧枝岐,桧枝岐（ヒノエマタ）,福島県,
36821,36,,福島県,東白川,東白川（ヒガシシラカワ）,福島県,
36836,36,,福島県,山田,山田（ヤマダ）,福島県,
36846,36,47598.0,福島県,小名浜,小名浜（オナハマ）,福島県,
40046,40,,茨城県,北茨城,北茨城（キタイバラキ）,茨城県,
40061,40,,茨城県,大子,大子（ダイゴ）,茨城県,
40091,40,,茨城県,常陸大宮,常陸大宮（ヒタチオオミヤ）,茨城県,
40136,40,,茨城県,日立,日立（ヒタチ）,茨城県,
40191,40,,茨城県,笠間,笠間（カサマ）,茨城県,
40201,40,47629.0,茨城県,水戸,水戸（ミト）,茨城県,1.0
40221,40,,茨城県,古河,古河（コガ）,茨城県,
40231,40,,茨城県,下館,下館（シモダテ）,茨城県,
40281,40,,茨城県,下妻,下妻（シモツマ）,茨城県,
40311,40,,茨城県,鉾田,鉾田（ホコタ）,茨城県,
40336,40,47646.0,茨城県,つくば（ツクバ）(館野,つくば（ツクバ）(館野（タテノ）),茨城県,
40341,40,,茨城県,土浦,土浦（ツチウラ）,茨城県,
40406,40,,茨城県,鹿嶋,鹿嶋（カシマ）,茨城県,
40426,40,,茨城県,龍ケ崎,龍ケ崎（リュウガサキ）,茨城県,
41011,41,,栃木県,那須高原,那須高原（ナスコウゲン）,栃木県,
41076,41,,栃木県,五十里,五十里（イカリ）,栃木県,
41091,41,,栃木県,黒磯,黒磯（クロイソ）,栃木県,
41116,41,,栃木県,土呂部,土呂部（ドロブ）,栃木県,
41141,41,,栃木県,大田原,大田原（オオタワラ）,栃木県,
41166,41,47690.0,栃木県,奥日光（オクニッコウ）(日光,奥日光（オクニッコウ）(日光（ニツコウ）),栃木県,
41172,41,,栃木県,日光東町,日光東町（ニッコウヒガシマチ）,栃木県,
41181,41,,栃木県,塩谷,塩谷（シオヤ）,栃木県,
41247,41,,栃木県,那須烏山,那須烏山（ナスカラスヤマ）,栃木県,
41271,41,,栃木県,鹿沼,鹿沼（カヌマ）,栃木県,
41277,41,47615.0,栃木県,宇都宮,宇都宮（ウツノミヤ）,栃木県,1.0
41331,41,,栃木県,真岡,真岡（モオカ）,栃木県,
41361,41,,栃木県,佐野,佐野（サノ）,栃木県,
41376,41,,栃木県,小山,小山（オヤマ）,栃木県,
42046,42,,群馬県,藤原,藤原（フジワラ）,群馬県,
42091,42,,群馬県,みなかみ,みなかみ（ミナカミ）,群馬県,
42121,42,,群馬県,草津,草津（クサツ）,群馬県,
42146,42,,群馬県,沼田,沼田（ヌマタ）,群馬県,
42186,42,,群馬県,中之条,中之条（ナカノジョウ）,群馬県,
42221,42,,群馬県,田代,田代（タシロ）,群馬県,
42251,42,47624.0,群馬県,前橋,前橋（マエバシ）,群馬県,1.0
42266,42,,群馬県,桐生,桐生（キリュウ）,群馬県,
42286,42,,群馬県,上里見,上里見（カミサトミ）,群馬県,
42302,42,,群馬県,伊勢崎,伊勢崎（イセサキ）,群馬県,
42326,42,,群馬県,西野牧,西野牧（ニシノマキ）,群馬県,
42366,42,,群馬県,館林,館林（タテバヤシ）,群馬県,
42396,42,,群馬県,神流,神流（カンナ）,群馬県,
43051,43,,埼玉県,寄居,寄居（ヨリイ）,埼玉県,
43056,43,47626.0,埼玉県,熊谷,熊谷（クマガヤ）,埼玉県,
43126,43,,埼玉県,久喜,久喜（クキ）,埼玉県,
43156,43,47641.0,埼玉県,秩父,秩父（チチブ）,埼玉県,
43171,43,,埼玉県,鳩山,鳩山（ハトヤマ）,埼玉県,
43241,43,,埼玉県,さいたま,さいたま（サイタマ）,埼玉県,1.0
43256,43,,埼玉県,越谷,越谷（コシガヤ）,埼玉県,
43266,43,,埼玉県,所沢,所沢（トコロザワ）,埼玉県,
44046,44,,東京都,小河内,小河内（オゴウチ）,東京都,
44056,44,,東京都,青梅,青梅（オウメ）,東京都,
44071,44,,東京都,練馬,練馬（ネリマ）,東京都,
44112,44,,東京都,八王子,八王子（ハチオウジ）,東京都,
44116,44,,東京都,府中,府中（フチュウ）,東京都,
44132,44,47662.0,東京都,東京,東京（トウキョウ）,東京都,1.0
44136,44,,東京都,江戸川臨海,江戸川臨海（エドガワリンカイ）,東京都,
44166,44,,東京都,羽田,羽田（ハネダ）,東京都,
44172,44,47675.0,東京都,大島,大島（オオシマ）,東京都,
44173,44,,東京都,大島北ノ山,大島北ノ山（オオシマキタノヤマ）,東京都,
44207,44,,東京都,新島,新島（ニイジマ）,東京都,
44216,44,,東京都,神津島,神津島（コウヅシマ）,東京都,
44226,44,47677.0,東京都,三宅島,三宅島（ミヤケジマ）,東京都,
44228,44,,東京都,三宅坪田,三宅坪田（ミヤケツボタ）,東京都,
44262,44,,東京都,八重見ヶ原,八重見ヶ原（ヤエミガハラ）,東京都,
44263,44,47678.0,東京都,八丈島,八丈島（ハチジョウジマ）,東京都,
44301,44,47971.0,東京都,父島,父島（チチジマ）,東京都,
45061,45,,千葉県,我孫子,我孫子（アビコ）,千葉県,
45081,45,,千葉県,香取,香取（カトリ）,千葉県,
45106,45,,千葉県,船橋,船橋（フナバシ）,千葉県,
45116,45,,千葉県,佐倉,佐倉（サクラ）,千葉県,
45121,45,,千葉県,成田,成田（ナリタ）,千葉県,
45147,45,47648.0,千葉県,銚子,銚子（チョウシ）,千葉県,
45181,45,,千葉県,横芝光,横芝光（ヨコシバヒカリ）,千葉県,
45212,45,47682.0,千葉県,千葉,千葉（チバ）,千葉県,1.0
45261,45,,千葉県,茂原,茂原（モバラ）,千葉県,
45282,45,,千葉県,木更津,木更津（キサラヅ）,千葉県,
45291,45,,千葉県,牛久,牛久（ウシク）,千葉県,
45326,45,,千葉県,坂畑,坂畑（サカハタ）,千葉県,
45361,45,,千葉県,鴨川,鴨川（カモガワ）,千葉県,
45371,45,47674.0,千葉県,勝浦,勝浦（カツウラ）,千葉県,
45401,45,47672.0,千葉県,館山,館山（タテヤマ）,千葉県,
46091,46,,神奈川県,海老名,海老名（エビナ）,神奈川県,
46106,46,47670.0,神奈川県,横浜,横浜（ヨコハマ）,神奈川県,1.0
46141,46,,神奈川県,辻堂,辻堂（ツジドウ）,神奈川県,
46166,46,,神奈川県,小田原,小田原（オダワラ）,神奈川県,
46211,46,,神奈川県,三浦,三浦（ミウラ）,神奈川県,
48031,48,,長野県,野沢温泉,野沢温泉（ノザワオンセン）,長野県,
48061,48,,長野県,信濃町,信濃町（シナノマチ）,長野県,
48066,48,,長野県,飯山,飯山（イイヤマ）,長野県,
48141,48,,長野県,白馬,白馬（ハクバ）,長野県,
48156,48,47610.0,長野県,長野,長野（ナガノ）,長野県,1.0
48191,48,,長野県,大町,大町（オオマチ）,長野県,
48196,48,,長野県,信州新町,信州新町（シンシュウシンマチ）,長野県,
48216,48,,長野県,菅平,菅平（スガダイラ）,長野県,
48256,48,,長野県,上田,上田（ウエダ）,長野県,
48296,48,,長野県,穂高,穂高（ホタカ）,長野県,
48321,48,,長野県,東御,東御（トウミ）,長野県,
48331,48,47622.0,長野県,軽井沢,軽井沢（カルイザワ）,長野県,
48361,48,47618.0,長野県,松本,松本（マツモト）,長野県,
48363,48,,長野県,松本今井,松本今井（マツモトイマイ）,長野県,
48381,48,,長野県,立科,立科（タテシナ）,長野県,
48386,48,,長野県,佐久,佐久（サク）,長野県,
48466,48,,長野県,奈川,奈川（ナガワ）,長野県,
48491,48,47620.0,長野県,諏訪,諏訪（スワ）,長野県,
48531,48,,長野県,開田高原,開田高原（カイダコウゲン）,長野県,
48536,48,,長野県,木祖薮原,木祖薮原（キソヤブハラ）,長野県,
48546,48,,長野県,辰野,辰野（タツノ）,長野県,
48561,48,,長野県,原村,原村（ハラムラ）,長野県,
48571,48,,長野県,野辺山,野辺山（ノベヤマ）,長野県,
48606,48,,長野県,木曽福島,木曽福島（キソフクシマ）,長野県,
48621,48,,長野県,伊那,伊那（イナ）,長野県,
48717,48,,長野県,南木曽,南木曽（ナギソ）,長野県,
48731,48,,長野県,飯島,飯島（イイジマ）,長野県,
48767,48,47637.0,長野県,飯田,飯田（イイダ）,長野県,
48826,48,,長野県,浪合,浪合（ナミアイ）,長野県,
48841,48,,長野県,南信濃,南信濃（ミナミシナノ）,長野県,
49036,49,,山梨県,大泉,大泉（オオイズミ）,山梨県,
49086,49,,山梨県,韮崎,韮崎（ニラサキ）,山梨県,
49142,49,47638.0,山梨県,甲府,甲府（コウフ）,山梨県,1.0
49151,49,,山梨県,勝沼,勝沼（カツヌマ）,山梨県,
49161,49,,山梨県,大月,大月（オオツキ）,山梨県,
49196,49,,山梨県,古関,古関（フルセキ）,山梨県,
49236,49,,山梨県,切石,切石（キリイシ）,山梨県,
49251,49,47640.0,山梨県,河口湖,河口湖（カワグチコ）,山梨県,
49256,49,,山梨県,山中,山中（ヤマナカ）,山梨県,
49316,49,,山梨県,南部,南部（ナンブ）,山梨県,
50106,50,,静岡県,井川,井川（イカワ）,静岡県,
50136,50,,静岡県,御殿場,御殿場（ゴテンバ）,静岡県,
50196,50,,静岡県,富士,富士（フジ）,静岡県,
50206,50,47657.0,静岡県,三島,三島（ミシマ）,静岡県,
50211,50,,静岡県,熱海伊豆山,熱海伊豆山（アタミイズサン）,静岡県,
50226,50,,静岡県,佐久間,佐久間（サクマ）,静岡県,
50241,50,,静岡県,川根本町,川根本町（カワネホンチョウ）,静岡県,
50261,50,,静岡県,清水,清水（シミズ）,静岡県,
50281,50,47668.0,静岡県,網代,網代（アジロ）,静岡県,
50331,50,47656.0,静岡県,静岡,静岡（シズオカ）,静岡県,1.0
50386,50,,静岡県,天竜,天竜（テンリュウ）,静岡県,
50456,50,47654.0,静岡県,浜松,浜松（ハママツ）,静岡県,
50476,50,,静岡県,菊川牧之原,菊川牧之原（キクガワマキノハラ）,静岡県,
50477,50,,静岡県,静岡空港,静岡空港（シズオカクウコウ）,静岡県,
50491,50,,静岡県,松崎,松崎（マツザキ）,静岡県,
50506,50,,静岡県,稲取,稲取（イナトリ）,静岡県,
50536,50,,静岡県,磐田,磐田（イワタ）,静岡県,
50551,50,47655.0,静岡県,御前崎,御前崎（オマエザキ）,静岡県,
50561,50,47666.0,静岡県,石廊崎,石廊崎（イロウザキ）,静岡県,
51031,51,,愛知県,愛西,愛西（アイサイ）,愛知県,
51071,51,,愛知県,稲武,稲武（イナブ）,愛知県,
51106,51,47636.0,愛知県,名古屋,名古屋（ナゴヤ）,愛知県,1.0
51116,51,,愛知県,豊田,豊田（トヨタ）,愛知県,
51216,51,,愛知県,大府,大府（オオブ）,愛知県,
51226,51,,愛知県,岡崎,岡崎（オカザキ）,愛知県,
51247,51,,愛知県,新城,新城（シンシロ）,愛知県,
51261,51,,愛知県,セントレア,セントレア（セントレア）,愛知県,
51281,51,,愛知県,蒲郡,蒲郡（ガマゴオリ）,愛知県,
51311,51,,愛知県,南知多,南知多（ミナミチタ）,愛知県,
51331,51,,愛知県,豊橋,豊橋（トヨハシ）,愛知県,
51346,51,47653.0,愛知県,伊良湖,伊良湖（イラコ）,愛知県,
52041,52,,岐阜県,河合,河合（カワイ）,岐阜県,
52051,52,,岐阜県,神岡,神岡（カミオカ）,岐阜県,
52081,52,,岐阜県,白川,白川（シラカワ）,岐阜県,
52111,52,,岐阜県,栃尾,栃尾（トチオ）,岐阜県,
52146,52,47617.0,岐阜県,高山,高山（タカヤマ）,岐阜県,
52181,52,,岐阜県,六厩,六厩（ムマヤ）,岐阜県,
52196,52,,岐阜県,宮之前,宮之前（ミヤノマエ）,岐阜県,
52221,52,,岐阜県,長滝,長滝（ナガタキ）,岐阜県,
52286,52,,岐阜県,萩原,萩原（ハギワラ）,岐阜県,
52331,52,,岐阜県,八幡,八幡（ハチマン）,岐阜県,
52346,52,,岐阜県,宮地,宮地（ミヤジ）,岐阜県,
52381,52,,岐阜県,樽見,樽見（タルミ）,岐阜県,
52406,52,,岐阜県,金山,金山（カナヤマ）,岐阜県,
52461,52,,岐阜県,美濃,美濃（ミノ）,岐阜県,
52482,52,,岐阜県,黒川,黒川（クロカワ）,岐阜県,
52511,52,,岐阜県,揖斐川,揖斐川（イビガワ）,岐阜県,
52536,52,,岐阜県,美濃加茂,美濃加茂（ミノカモ）,岐阜県,
52556,52,,岐阜県,恵那,恵那（エナ）,岐阜県,
52557,52,,岐阜県,中津川,中津川（ナカツガワ）,岐阜県,
52571,52,,岐阜県,関ケ原,関ケ原（セキガハラ）,岐阜県,
52581,52,,岐阜県,大垣,大垣（オオガキ）,岐阜県,
52586,52,47632.0,岐阜県,岐阜,岐阜（ギフ）,岐阜県,1.0
52606,52,,岐阜県,多治見,多治見（タジミ）,岐阜県,
53041,53,,三重県,桑名,桑名（クワナ）,三重県,
53061,53,47684.0,三重県,四日市,四日市（ヨッカイチ）,三重県,
53091,53,,三重県,亀山,亀山（カメヤマ）,三重県,
53112,53,47649.0,三重県,上野,上野（ウエノ）,三重県,
53133,53,47651.0,三重県,津,津（ツ）,三重県,1.0
53196,53,,三重県,小俣,小俣（オバタ）,三重県,
53231,53,,三重県,粥見,粥見（カユミ）,三重県,
53257,53,,三重県,鳥羽,鳥羽（トバ）,三重県,
53296,53,,三重県,南伊勢,南伊勢（ミナミイセ）,三重県,
53326,53,,三重県,紀伊長島,紀伊長島（キイナガシマ）,三重県,
53378,53,47663.0,三重県,尾鷲,尾鷲（オワセ）,三重県,
53401,53,,三重県,熊野新鹿,熊野新鹿（クマノアタシカ）,三重県,
54012,54,,新潟県,粟島,粟島（アワシマ）,新潟県,
54041,54,,新潟県,弾崎,弾崎（ハジキザキ）,新潟県,
54086,54,,新潟県,村上,村上（ムラカミ）,新潟県,
54157,54,47602.0,新潟県,相川,相川（アイカワ）,新潟県,
54166,54,,新潟県,両津,両津（リョウツ）,新潟県,
54181,54,,新潟県,中条,中条（ナカジョウ）,新潟県,
54191,54,,新潟県,下関,下関（シモセキ）,新潟県,
54232,54,47604.0,新潟県,新潟,新潟（ニイガタ）,新潟県,1.0
54236,54,,新潟県,松浜,松浜（マツハマ）,新潟県,
54271,54,,新潟県,羽茂,羽茂（ハモチ）,新潟県,
54296,54,,新潟県,新津,新津（ニイツ）,新潟県,
54341,54,,新潟県,巻,巻（マキ）,新潟県,
54387,54,,新潟県,寺泊,寺泊（テラドマリ）,新潟県,
54396,54,,新潟県,三条,三条（サンジョウ）,新潟県,
54421,54,,新潟県,津川,津川（ツガワ）,新潟県,
54501,54,,新潟県,長岡,長岡（ナガオカ）,新潟県,
54541,54,,新潟県,柏崎,柏崎（カシワザキ）,新潟県,
54566,54,,新潟県,守門,守門（スモン）,新潟県,
54586,54,,新潟県,大潟,大潟（オオガタ）,新潟県,
54616,54,,新潟県,小出,小出（コイデ）,新潟県,
54651,54,47612.0,新潟県,高田,高田（タカダ）,新潟県,
54661,54,,新潟県,安塚,安塚（ヤスヅカ）,新潟県,
54676,54,,新潟県,十日町,十日町（トオカマチ）,新潟県,
54711,54,,新潟県,糸魚川,糸魚川（イトイガワ）,新潟県,
54721,54,,新潟県,能生,能生（ノウ）,新潟県,
54816,54,,新潟県,関山,関山（セキヤマ）,新潟県,
54836,54,,新潟県,津南,津南（ツナン）,新潟県,
54841,54,,新潟県,湯沢,湯沢（ユザワ）,新潟県,
55022,55,,富山県,朝日,朝日（アサヒ）,富山県,
55041,55,,富山県,氷見,氷見（ヒミ）,富山県,
55056,55,,富山県,魚津,魚津（ウオヅ）,富山県,
55091,55,47606.0,富山県,伏木,伏木（フシキ）,富山県,
55102,55,47607.0,富山県,富山,富山（トヤマ）,富山県,1.0
55141,55,,富山県,砺波,砺波（トナミ）,富山県,
55151,55,,富山県,秋ヶ島,秋ヶ島（アキガシマ）,富山県,
55166,55,,富山県,上市,上市（カミイチ）,富山県,
55191,55,,富山県,南砺高宮,南砺高宮（ナントタカミヤ）,富山県,
55206,55,,富山県,八尾,八尾（ヤツオ）,富山県,
56036,56,,石川県,珠洲,珠洲（スズ）,石川県,
56052,56,47600.0,石川県,輪島,輪島（ワジマ）,石川県,
56093,56,,石川県,三井,三井（ミイ）,石川県,
56116,56,,石川県,志賀,志賀（シカ）,石川県,
56146,56,,石川県,七尾,七尾（ナナオ）,石川県,
56176,56,,石川県,羽咋,羽咋（ハクイ）,石川県,
56186,56,,石川県,かほく,かほく（カホク）,石川県,
56227,56,47605.0,石川県,金沢,金沢（カナザワ）,石川県,1.0
56276,56,,石川県,小松,小松（コマツ）,石川県,
56286,56,,石川県,白山河内,白山河内（ハクサンカワチ）,石川県,
56301,56,,石川県,加賀中津原,加賀中津原（カガナカツハラ）,石川県,
57001,57,,福井県,三国,三国（ミクニ）,福井県,
57026,57,,福井県,春江,春江（ハルエ）,福井県,
57051,57,,福井県,越廼,越廼（コシノ）,福井県,
57066,57,47616.0,福井県,福井,福井（フクイ）,福井県,1.0
57082,57,,福井県,勝山,勝山（カツヤマ）,福井県,
57121,57,,福井県,大野,大野（オオノ）,福井県,
57206,57,,福井県,今庄,今庄（イマジョウ）,福井県,
57248,57,47631.0,福井県,敦賀,敦賀（ツルガ）,福井県,
57286,57,,福井県,美浜,美浜（ミハマ）,福井県,
57317,57,,福井県,小浜,小浜（オバマ）,福井県,
60051,60,,滋賀県,今津,今津（イマヅ）,滋賀県,
60061,60,,滋賀県,長浜,長浜（ナガハマ）,滋賀県,
60102,60,,滋賀県,米原,米原（マイバラ）,滋賀県,
60116,60,,滋賀県,南小松,南小松（ミナミコマツ）,滋賀県,
60131,60,47761.0,滋賀県,彦根,彦根（ヒコネ）,滋賀県,
60196,60,,滋賀県,東近江,東近江（ヒガシオウミ）,滋賀県,
60216,60,,滋賀県,大津,大津（オオツ）,滋賀県,1.0
60226,60,,滋賀県,信楽,信楽（シガラキ）,滋賀県,
60236,60,,滋賀県,土山,土山（ツチヤマ）,滋賀県,
61001,61,,京都府,間人,間人（タイザ）,京都府,
61076,61,,京都府,宮津,宮津（ミヤヅ）,京都府,
61111,61,47750.0,京都府,舞鶴,舞鶴（マイヅル）,京都府,
61187,61,,京都府,福知山,福知山（フクチヤマ）,京都府,
61206,61,,京都府,美山,美山（ミヤマ）,京都府,
61242,61,,京都府,園部,園部（ソノベ）,京都府,
61286,61,47759.0,京都府,京都,京都（キョウト）,京都府,1.0
61326,61,,京都府,京田辺,京田辺（キョウタナベ）,京都府,
62016,62,,大阪府,能勢,能勢（ノセ）,大阪府,
62046,62,,大阪府,枚方,枚方（ヒラカタ）,大阪府,
62051,62,,大阪府,豊中,豊中（トヨナカ）,大阪府,
62078,62,47772.0,大阪府,大阪,大阪（オオサカ）,大阪府,1.0
62081,62,,大阪府,生駒山,生駒山（イコマヤマ）,大阪府,
62091,62,,大阪府,堺,堺（サカイ）,大阪府,
62096,62,,大阪府,八尾,八尾（ヤオ）,大阪府,
62101,62,,大阪府,関空島,関空島（カンクウジマ）,大阪府,
62131,62,,大阪府,熊取,熊取（クマトリ）,大阪府,
63016,63,,兵庫県,香住,香住（カスミ）,兵庫県,
63051,63,47747.0,兵庫県,豊岡,豊岡（トヨオカ）,兵庫県,
63071,63,,兵庫県,兎和野高原,兎和野高原（ウワノコウゲン）,兵庫県,
63121,63,,兵庫県,和田山,和田山（ワダヤマ）,兵庫県,
63201,63,,兵庫県,生野,生野（イクノ）,兵庫県,
63216,63,,兵庫県,柏原,柏原（カイバラ）,兵庫県,
63251,63,,兵庫県,一宮,一宮（イチノミヤ）,兵庫県,
63321,63,,兵庫県,福崎,福崎（フクサキ）,兵庫県,
63331,63,,兵庫県,西脇,西脇（ニシワキ）,兵庫県,
63366,63,,兵庫県,上郡,上郡（カミゴオリ）,兵庫県,
63383,63,47769.0,兵庫県,姫路,姫路（ヒメジ）,兵庫県,
63411,63,,兵庫県,三田,三田（サンダ）,兵庫県,
63461,63,,兵庫県,三木,三木（ミキ）,兵庫県,
63491,63,,兵庫県,家島,家島（イエシマ）,兵庫県,
63496,63,,兵庫県,明石,明石（アカシ）,兵庫県,
63517,63,,兵庫県,神戸空港,神戸空港（コウベクウコウ）,兵庫県,
63518,63,47770.0,兵庫県,神戸,神戸（コウベ）,兵庫県,1.0
63551,63,,兵庫県,郡家,郡家（グンゲ）,兵庫県,
63571,63,47776.0,兵庫県,洲本,洲本（スモト）,兵庫県,
63588,63,,兵庫県,南淡,南淡（ナンダン）,兵庫県,
64036,64,47780.0,奈良県,奈良,奈良（ナラ）,奈良県,1.0
64041,64,,奈良県,針,針（ハリ）,奈良県,
64101,64,,奈良県,大宇陀,大宇陀（オオウダ）,奈良県,
64127,64,,奈良県,五條,五條（ゴジョウ）,奈良県,
64206,64,,奈良県,上北山,上北山（カミキタヤマ）,奈良県,
64227,64,,奈良県,風屋,風屋（カゼヤ）,奈良県,
65026,65,,和歌山県,かつらぎ,かつらぎ（カツラギ）,和歌山県,
65036,65,,和歌山県,友ケ島,友ケ島（トモガシマ）,和歌山県,
65042,65,47777.0,和歌山県,和歌山,和歌山（ワカヤマ）,和歌山県,1.0
65061,65,,和歌山県,高野山,高野山（コウヤサン）,和歌山県,
65121,65,,和歌山県,清水,清水（シミズ）,和歌山県,
65162,65,,和歌山県,龍神,龍神（リュウジン）,和歌山県,
65201,65,,和歌山県,川辺,川辺（カワベ）,和歌山県,
65256,65,,和歌山県,栗栖川,栗栖川（クリスガワ）,和歌山県,
65276,65,,和歌山県,新宮,新宮（シングウ）,和歌山県,
65288,65,,和歌山県,南紀白浜,南紀白浜（ナンキシラハマ）,和歌山県,
65306,65,,和歌山県,西川,西川（ニシカワ）,和歌山県,
65356,65,47778.0,和歌山県,潮岬,潮岬（シオノミサキ）,和歌山県,
66046,66,,岡山県,上長田,上長田（カミナガタ）,岡山県,
66091,66,,岡山県,千屋,千屋（チヤ）,岡山県,
66127,66,,岡山県,奈義,奈義（ナギ）,岡山県,
66136,66,,岡山県,今岡,今岡（イマオカ）,岡山県,
66171,66,,岡山県,久世,久世（クセ）,岡山県,
66186,66,47756.0,岡山県,津山,津山（ツヤマ）,岡山県,
66221,66,,岡山県,新見,新見（ニイミ）,岡山県,
66296,66,,岡山県,福渡,福渡（フクワタリ）,岡山県,
66306,66,,岡山県,和気,和気（ワケ）,岡山県,
66336,66,,岡山県,高梁,高梁（タカハシ）,岡山県,
66346,66,,岡山県,日応寺,日応寺（ニチオウジ）,岡山県,
66408,66,47768.0,岡山県,岡山,岡山（オカヤマ）,岡山県,1.0
66421,66,,岡山県,虫明,虫明（ムシアゲ）,岡山県,
66446,66,,岡山県,倉敷,倉敷（クラシキ）,岡山県,
66481,66,,岡山県,笠岡,笠岡（カサオカ）,岡山県,
66501,66,,岡山県,玉野,玉野（タマノ）,岡山県,
67016,67,,広島県,高野,高野（タカノ）,広島県,
67106,67,,広島県,三次,三次（ミヨシ）,広島県,
67116,67,,広島県,庄原,庄原（ショウバラ）,広島県,
67151,67,,広島県,大朝,大朝（オオアサ）,広島県,
67191,67,,広島県,油木,油木（ユキ）,広島県,
67212,67,,広島県,加計,加計（カケ）,広島県,
67292,67,,広島県,三入,三入（ミイリ）,広島県,
67316,67,,広島県,世羅,世羅（セラ）,広島県,
67326,67,,広島県,府中,府中（フチュウ）,広島県,
67376,67,,広島県,東広島,東広島（ヒガシヒロシマ）,広島県,
67386,67,,広島県,本郷,本郷（ホンゴウ）,広島県,
67401,67,47767.0,広島県,福山,福山（フクヤマ）,広島県,
67421,67,,広島県,廿日市津田,廿日市津田（ハツカイチツタ）,広島県,
67437,67,47765.0,広島県,広島,広島（ヒロシマ）,広島県,1.0
67461,67,,広島県,竹原,竹原（タケハラ）,広島県,
67471,67,,広島県,生口島,生口島（イクチジマ）,広島県,
67496,67,,広島県,大竹,大竹（オオタケ）,広島県,
67511,67,47766.0,広島県,呉,呉（クレ）,広島県,
67576,67,,広島県,呉市蒲刈,呉市蒲刈（クレシカマガリ）,広島県,
68022,68,47740.0,島根県,西郷,西郷（サイゴウ）,島根県,
68046,68,,島根県,西郷岬,西郷岬（サイゴウミサキ）,島根県,
68056,68,,島根県,海士,海士（アマ）,島根県,
68091,68,,島根県,鹿島,鹿島（カシマ）,島根県,
68121,68,,島根県,斐川,斐川（ヒカワ）,島根県,
68132,68,47741.0,島根県,松江,松江（マツエ）,島根県,1.0
68156,68,,島根県,出雲,出雲（イズモ）,島根県,
68246,68,,島根県,大田,大田（オオダ）,島根県,
68261,68,,島根県,掛合,掛合（カケヤ）,島根県,
68276,68,,島根県,横田,横田（ヨコタ）,島根県,
68306,68,,島根県,赤名,赤名（アカナ）,島根県,
68351,68,,島根県,川本,川本（カワモト）,島根県,
68376,68,47755.0,島根県,浜田,浜田（ハマダ）,島根県,
68401,68,,島根県,瑞穂,瑞穂（ミズホ）,島根県,
68431,68,,島根県,弥栄,弥栄（ヤサカ）,島根県,
68456,68,,島根県,高津,高津（タカツ）,島根県,
68462,68,,島根県,益田,益田（マスダ）,島根県,
68516,68,,島根県,津和野,津和野（ツワノ）,島根県,
68541,68,,島根県,吉賀,吉賀（ヨシカ）,島根県,
69006,69,47742.0,鳥取県,境,境（サカイ）,鳥取県,
69021,69,,鳥取県,塩津,塩津（シオツ）,鳥取県,
69041,69,,鳥取県,青谷,青谷（アオヤ）,鳥取県,
69052,69,,鳥取県,湖山,湖山（コヤマ）,鳥取県,
69061,69,,鳥取県,岩井,岩井（イワイ）,鳥取県,
69076,69,47744.0,鳥取県,米子,米子（ヨナゴ）,鳥取県,
69101,69,,鳥取県,倉吉,倉吉（クラヨシ）,鳥取県,
69122,69,47746.0,鳥取県,鳥取,鳥取（トットリ）,鳥取県,1.0
69246,69,,鳥取県,智頭,智頭（チズ）,鳥取県,
69271,69,,鳥取県,茶屋,茶屋（チャヤ）,鳥取県,
71066,71,,徳島県,池田,池田（イケダ）,徳島県,
71087,71,,徳島県,穴吹,穴吹（アナブキ）,徳島県,
71106,71,47895.0,徳島県,徳島,徳島（トクシマ）,徳島県,1.0
71191,71,,徳島県,京上,京上（キョウジョウ）,徳島県,
71231,71,,徳島県,蒲生田,蒲生田（カモダ）,徳島県,
71251,71,,徳島県,木頭,木頭（キトウ）,徳島県,
71266,71,,徳島県,日和佐,日和佐（ヒワサ）,徳島県,
71291,71,,徳島県,海陽,海陽（カイヨウ）,徳島県,
72061,72,,香川県,内海,内海（ウチノミ）,香川県,
72086,72,47891.0,香川県,高松,高松（タカマツ）,香川県,1.0
72111,72,47890.0,香川県,多度津,多度津（タドツ）,香川県,
72121,72,,香川県,滝宮,滝宮（タキノミヤ）,香川県,
72126,72,,香川県,香南,香南（コウナン）,香川県,
72146,72,,香川県,引田,引田（ヒケタ）,香川県,
72161,72,,香川県,財田,財田（サイタ）,香川県,
73001,73,,愛媛県,大三島,大三島（オオミシマ）,愛媛県,
73076,73,,愛媛県,今治,今治（イマバリ）,愛媛県,
73126,73,,愛媛県,西条,西条（サイジョウ）,愛媛県,
73141,73,,愛媛県,新居浜,新居浜（ニイハマ）,愛媛県,
73151,73,,愛媛県,四国中央,四国中央（シコクチュウオウ）,愛媛県,
73166,73,47887.0,愛媛県,松山,松山（マツヤマ）,愛媛県,1.0
73168,73,,愛媛県,松山南吉田,松山南吉田（マツヤマミナミヨシダ）,愛媛県,
73256,73,,愛媛県,長浜,長浜（ナガハマ）,愛媛県,
73276,73,,愛媛県,久万,久万（クマ）,愛媛県,
73306,73,,愛媛県,大洲,大洲（オオズ）,愛媛県,
73341,73,,愛媛県,瀬戸,瀬戸（セト）,愛媛県,
73406,73,,愛媛県,宇和,宇和（ウワ）,愛媛県,
73442,73,47892.0,愛媛県,宇和島,宇和島（ウワジマ）,愛媛県,
73446,73,,愛媛県,近永,近永（チカナガ）,愛媛県,
73516,73,,愛媛県,御荘,御荘（ミショウ）,愛媛県,
74056,74,,高知県,本川,本川（ホンガワ）,高知県,
74071,74,,高知県,本山,本山（モトヤマ）,高知県,
74136,74,,高知県,大栃,大栃（オオドチ）,高知県,
74182,74,47893.0,高知県,高知,高知（コウチ）,高知県,1.0
74187,74,,高知県,後免,後免（ゴメン）,高知県,
74188,74,,高知県,南国日章,南国日章（ナンコクニッショウ）,高知県,
74271,74,,高知県,安芸,安芸（アキ）,高知県,
74296,74,,高知県,梼原,梼原（ユスハラ）,高知県,
74311,74,,高知県,須崎,須崎（スサキ）,高知県,
74361,74,,高知県,窪川,窪川（クボカワ）,高知県,
74372,74,47899.0,高知県,室戸岬,室戸岬（ムロトミサキ）,高知県,
74381,74,,高知県,江川崎,江川崎（エカワサキ）,高知県,
74436,74,,高知県,佐賀,佐賀（サガ）,高知県,
74447,74,47897.0,高知県,宿毛,宿毛（スクモ）,高知県,
74456,74,,高知県,中村,中村（ナカムラ）,高知県,
74516,74,47898.0,高知県,清水,清水（シミズ）,高知県,
81011,81,,山口県,須佐,須佐（スサ）,山口県,
81071,81,47754.0,山口県,萩,萩（ハギ）,山口県,
81116,81,,山口県,油谷,油谷（ユヤ）,山口県,
81151,81,,山口県,徳佐,徳佐（トクサ）,山口県,
81196,81,,山口県,秋吉台,秋吉台（アキヨシダイ）,山口県,
81231,81,,山口県,広瀬,広瀬（ヒロセ）,山口県,
81266,81,,山口県,豊田,豊田（トヨタ）,山口県,
81286,81,47784.0,山口県,山口,山口（ヤマグチ）,山口県,1.0
81321,81,,山口県,岩国,岩国（イワクニ）,山口県,
81371,81,,山口県,防府,防府（ホウフ）,山口県,
81386,81,,山口県,下松,下松（クダマツ）,山口県,
81397,81,,山口県,玖珂,玖珂（クガ）,山口県,
81428,81,47762.0,山口県,下関,下関（シモノセキ）,山口県,
81436,81,,山口県,宇部,宇部（ウベ）,山口県,
81481,81,,山口県,柳井,柳井（ヤナイ）,山口県,
81486,81,,山口県,安下庄,安下庄（アゲノショウ）,山口県,
82046,82,,福岡県,宗像,宗像（ムナカタ）,福岡県,
82056,82,,福岡県,八幡,八幡（ヤハタ）,福岡県,
82068,82,,福岡県,空港北町,空港北町（クウコウキタマチ）,福岡県,
82101,82,,福岡県,行橋,行橋（ユクハシ）,福岡県,
82136,82,47809.0,福岡県,飯塚,飯塚（イイヅカ）,福岡県,
82171,82,,福岡県,前原,前原（マエバル）,福岡県,
82182,82,47807.0,福岡県,福岡,福岡（フクオカ）,福岡県,1.0
82186,82,,福岡県,博多,博多（ハカタ）,福岡県,
82191,82,,福岡県,太宰府,太宰府（ダザイフ）,福岡県,
82206,82,,福岡県,添田,添田（ソエダ）,福岡県,
82261,82,,福岡県,朝倉,朝倉（アサクラ）,福岡県,
82306,82,,福岡県,久留米,久留米（クルメ）,福岡県,
82317,82,,福岡県,黒木,黒木（クロギ）,福岡県,
82361,82,,福岡県,大牟田,大牟田（オオムタ）,福岡県,
83021,83,,大分県,国見,国見（クニミ）,大分県,
83051,83,,大分県,中津,中津（ナカツ）,大分県,
83061,83,,大分県,豊後高田,豊後高田（ブンゴタカダ）,大分県,
83106,83,,大分県,院内,院内（インナイ）,大分県,
83121,83,,大分県,杵築,杵築（キツキ）,大分県,
83126,83,,大分県,武蔵,武蔵（ムサシ）,大分県,
83137,83,47814.0,大分県,日田,日田（ヒタ）,大分県,
83191,83,,大分県,玖珠,玖珠（クス）,大分県,
83201,83,,大分県,湯布院,湯布院（ユフイン）,大分県,
83216,83,47815.0,大分県,大分,大分（オオイタ）,大分県,1.0
83341,83,,大分県,犬飼,犬飼（イヌカイ）,大分県,
83371,83,,大分県,竹田,竹田（タケタ）,大分県,
83401,83,,大分県,佐伯,佐伯（サイキ）,大分県,
83431,83,,大分県,宇目,宇目（ウメ）,大分県,
83476,83,,大分県,蒲江,蒲江（カマエ）,大分県,
84012,84,,長崎県,鰐浦,鰐浦（ワニウラ）,長崎県,
84072,84,47800.0,長崎県,厳原,厳原（イヅハラ）,長崎県,
84076,84,,長崎県,美津島,美津島（ミツシマ）,長崎県,
84121,84,,長崎県,芦辺,芦辺（アシベ）,長崎県,
84122,84,,長崎県,石田,石田（イシダ）,長崎県,
84171,84,47805.0,長崎県,平戸,平戸（ヒラド）,長崎県,
84183,84,,長崎県,松浦,松浦（マツウラ）,長崎県,
84266,84,47812.0,長崎県,佐世保,佐世保（サセボ）,長崎県,
84306,84,,長崎県,西海,西海（サイカイ）,長崎県,
84341,84,,長崎県,有川,有川（アリカワ）,長崎県,
84371,84,,長崎県,大村,大村（オオムラ）,長崎県,
84496,84,47817.0,長崎県,長崎,長崎（ナガサキ）,長崎県,1.0
84519,84,47818.0,長崎県,雲仙岳,雲仙岳（ウンゼンダケ）,長崎県,
84523,84,,長崎県,島原,島原（シマバラ）,長崎県,
84536,84,47843.0,長崎県,福江,福江（フクエ）,長崎県,
84537,84,,長崎県,上大津,上大津（カミオオヅ）,長崎県,
84561,84,,長崎県,口之津,口之津（クチノツ）,長崎県,
84597,84,,長崎県,脇岬,脇岬（ワキミサキ）,長崎県,
85033,85,,佐賀県,唐津,唐津（カラツ）,佐賀県,
85116,85,,佐賀県,伊万里,伊万里（イマリ）,佐賀県,
85142,85,47813.0,佐賀県,佐賀,佐賀（サガ）,佐賀県,1.0
85161,85,,佐賀県,嬉野,嬉野（ウレシノ）,佐賀県,
85166,85,,佐賀県,白石,白石（シロイシ）,佐賀県,
85176,85,,佐賀県,川副,川副（カワソエ）,佐賀県,
86006,86,,熊本県,鹿北,鹿北（カホク）,熊本県,
86066,86,,熊本県,南小国,南小国（ミナミオグニ）,熊本県,
86086,86,,熊本県,岱明,岱明（タイメイ）,熊本県,
86101,86,,熊本県,菊池,菊池（キクチ）,熊本県,
86111,86,,熊本県,阿蘇乙姫,阿蘇乙姫（アソオトヒメ）,熊本県,
86141,86,47819.0,熊本県,熊本,熊本（クマモト）,熊本県,1.0
86146,86,,熊本県,益城,益城（マシキ）,熊本県,
86157,86,,熊本県,南阿蘇,南阿蘇（ミナミアソ）,熊本県,
86161,86,,熊本県,高森,高森（タカモリ）,熊本県,
86216,86,,熊本県,三角,三角（ミスミ）,熊本県,
86236,86,,熊本県,甲佐,甲佐（コウサ）,熊本県,
86271,86,,熊本県,松島,松島（マツシマ）,熊本県,
86316,86,,熊本県,本渡,本渡（ホンド）,熊本県,
86336,86,,熊本県,八代,八代（ヤツシロ）,熊本県,
86451,86,,熊本県,水俣,水俣（ミナマタ）,熊本県,
86467,86,47824.0,熊本県,人吉,人吉（ヒトヨシ）,熊本県,
86477,86,,熊本県,上,上（ウエ）,熊本県,
86491,86,47838.0,熊本県,牛深,牛深（ウシブカ）,熊本県,
87041,87,,宮崎県,高千穂,高千穂（タカチホ）,宮崎県,
87066,87,,宮崎県,古江,古江（フルエ）,宮崎県,
87071,87,,宮崎県,鞍岡,鞍岡（クラオカ）,宮崎県,
87141,87,47822.0,宮崎県,延岡,延岡（ノベオカ）,宮崎県,
87181,87,,宮崎県,日向,日向（ヒュウガ）,宮崎県,
87206,87,,宮崎県,神門,神門（ミカド）,宮崎県,
87231,87,,宮崎県,西米良,西米良（ニシメラ）,宮崎県,
87293,87,,宮崎県,高鍋,高鍋（タカナベ）,宮崎県,
87301,87,,宮崎県,加久藤,加久藤（カクトウ）,宮崎県,
87331,87,,宮崎県,西都,西都（サイト）,宮崎県,
87352,87,,宮崎県,小林,小林（コバヤシ）,宮崎県,
87376,87,47830.0,宮崎県,宮崎,宮崎（ミヤザキ）,宮崎県,1.0
87406,87,,宮崎県,田野,田野（タノ）,宮崎県,
87412,87,,宮崎県,赤江,赤江（アカエ）,宮崎県,
87426,87,47829.0,宮崎県,都城,都城（ミヤコノジョウ）,宮崎県,
87492,87,47835.0,宮崎県,油津,油津（アブラツ）,宮崎県,
87501,87,,宮崎県,串間,串間（クシマ）,宮崎県,
88061,88,47823.0,鹿児島県,阿久根,阿久根（アクネ）,鹿児島県,
88081,88,,鹿児島県,大口,大口（オオクチ）,鹿児島県,
88107,88,,鹿児島県,さつま柏原,さつま柏原（サツマカシワバル）,鹿児島県,
88131,88,,鹿児島県,中甑,中甑（ナカコシキ）,鹿児島県,
88151,88,,鹿児島県,川内,川内（センダイ）,鹿児島県,
88166,88,,鹿児島県,溝辺,溝辺（ミゾベ）,鹿児島県,
88261,88,,鹿児島県,東市来,東市来（ヒガシイチキ）,鹿児島県,
88286,88,,鹿児島県,牧之原,牧之原（マキノハラ）,鹿児島県,
88317,88,47827.0,鹿児島県,鹿児島,鹿児島（カゴシマ）,鹿児島県,1.0
88331,88,,鹿児島県,輝北,輝北（キホク）,鹿児島県,
88371,88,,鹿児島県,加世田,加世田（カセダ）,鹿児島県,
88406,88,,鹿児島県,志布志,志布志（シブシ）,鹿児島県,
88432,88,,鹿児島県,喜入,喜入（キイレ）,鹿児島県,
88442,88,,鹿児島県,鹿屋,鹿屋（カノヤ）,鹿児島県,
88447,88,,鹿児島県,肝付前田,肝付前田（キモツキマエダ）,鹿児島県,
88466,88,47831.0,鹿児島県,枕崎,枕崎（マクラザキ）,鹿児島県,
88486,88,,鹿児島県,指宿,指宿（イブスキ）,鹿児島県,
88506,88,,鹿児島県,内之浦,内之浦（ウチノウラ）,鹿児島県,
88536,88,,鹿児島県,田代,田代（タシロ）,鹿児島県,
88612,88,47837.0,鹿児島県,種子島,種子島（タネガシマ）,鹿児島県,
88621,88,,鹿児島県,中種子,中種子（ナカタネ）,鹿児島県,
88666,88,,鹿児島県,上中,上中（カミナカ）,鹿児島県,
88686,88,47836.0,鹿児島県,屋久島,屋久島（ヤクシマ）,鹿児島県,
88706,88,,鹿児島県,尾之間,尾之間（オノアイダ）,鹿児島県,
88736,88,,鹿児島県,中之島,中之島（ナカノシマ）,鹿児島県,
88821,88,,鹿児島県,笠利,笠利（カサリ）,鹿児島県,
88836,88,47909.0,鹿児島県,名瀬,名瀬（ナゼ）,鹿児島県,
88851,88,,鹿児島県,喜界島,喜界島（キカイジマ）,鹿児島県,
88901,88,,鹿児島県,古仁屋,古仁屋（コニヤ）,鹿児島県,
88931,88,,鹿児島県,天城,天城（アマギ）,鹿児島県,
88956,88,,鹿児島県,伊仙,伊仙（イセン）,鹿児島県,
88971,88,47942.0,鹿児島県,沖永良部,沖永良部（オキノエラブ）,鹿児島県,
88986,88,,鹿児島県,与論島,与論島（ヨロンジマ）,鹿児島県,
91011,91,,沖縄県,伊是名,伊是名（イゼナ）,沖縄県,
91021,91,,沖縄県,奥,奥（オク）,沖縄県,
91107,91,47940.0,沖縄県,名護,名護（ナゴ）,沖縄県,
91141,91,,沖縄県,北原,北原（キタハラ）,沖縄県,
91146,91,47929.0,沖縄県,久米島,久米島（クメジマ）,沖縄県,
91166,91,,沖縄県,宮城島,宮城島（ミヤギジマ）,沖縄県,
91181,91,,沖縄県,渡嘉敷,渡嘉敷（トカシキ）,沖縄県,
91197,91,47936.0,沖縄県,那覇,那覇（ナハ）,沖縄県,1.0
91236,91,,沖縄県,安次嶺,安次嶺（アシミネ）,沖縄県,
91241,91,,沖縄県,糸数,糸数（イトカズ）,沖縄県,
92006,91,,沖縄県,北大東,北大東（キタダイトウ）,沖縄県,
92011,91,47945.0,沖縄県,南大東（ミナミダイトウ）（南大東島,南大東（ミナミダイトウ）（南大東島（ミナミダイトウジマ））,沖縄県,
92012,91,,沖縄県,旧東,旧東（キュウトウ）,沖縄県,
93012,91,,沖縄県,下地島,下地島（シモジシマ）,沖縄県,
93041,91,47927.0,沖縄県,宮古島,宮古島（ミヤコジマ）,沖縄県,
93042,91,,沖縄県,鏡原,鏡原（カガミハラ）,沖縄県,
93062,91,,沖縄県,仲筋,仲筋（ナカスジ）,沖縄県,
94001,91,,沖縄県,伊原間,伊原間（イバルマ）,沖縄県,
94011,91,,沖縄県,所野,所野（トコロノ）,沖縄県,
94017,91,47912.0,沖縄県,与那国島,与那国島（ヨナグニジマ）,沖縄県,
94062,91,47917.0,沖縄県,西表島,西表島（イリオモテジマ）,沖縄県,
94081,91,47918.0,沖縄県,石垣島,石垣島（イシガキジマ）,沖縄県,
94086,91,,沖縄県,盛山,盛山（モリヤマ）,沖縄県,
94101,91,,沖縄県,大原,大原（オオハラ）,沖縄県,
94116,91,,沖縄県,波照間,波照間（ハテルマ）,沖縄県,
